{
  "results": [
    {
      "standard_time_ms": 28.61056137084961,
      "hilbert_time_ms": 50.60018539428711,
      "speedup": 0.565424042380679,
      "chunk_wise": false
    },
    {
      "standard_time_ms": 43.581016540527344,
      "hilbert_time_ms": 48.82855987548828,
      "speedup": 0.8925312696433797,
      "chunk_wise": true
    },
    {
      "standard_time_ms": 55.55457305908203,
      "hilbert_time_ms": 49.81309509277344,
      "speedup": 1.1152604140661304,
      "chunk_wise": false
    },
    {
      "standard_time_ms": 44.85516357421875,
      "hilbert_time_ms": 89.26239013671875,
      "speedup": 0.5025091027197046,
      "chunk_wise": true
    }
  ],
  "world_size": 2
}