{
  "timestamp": "2025-07-04-1717-UTC",
  "world_size": 1,
  "results": [
    {
      "config": {
        "hidden_dim": 512,
        "num_heads": 8,
        "segment_lengths": [
          512
        ],
        "dilation_rates": [
          1
        ],
        "batch_size": 2,
        "total_seq_len": 2048,
        "world_size": 1
      },
      "metrics": {
        "standard_time_ms": 42.59116975590587,
        "hilbert_time_ms": 188.42890951782465,
        "speedup": 0.22603309579667713,
        "chunk_size": 2048,
        "world_size": 1
      }
    },
    {
      "config": {
        "hidden_dim": 512,
        "num_heads": 8,
        "segment_lengths": [
          512
        ],
        "dilation_rates": [
          2
        ],
        "batch_size": 2,
        "total_seq_len": 2048,
        "world_size": 1
      },
      "metrics": {
        "standard_time_ms": 195.20768010988832,
        "hilbert_time_ms": 86.07326559722424,
        "speedup": 2.2679246425173805,
        "chunk_size": 2048,
        "world_size": 1
      }
    },
    {
      "config": {
        "hidden_dim": 768,
        "num_heads": 12,
        "segment_lengths": [
          1024
        ],
        "dilation_rates": [
          2
        ],
        "batch_size": 1,
        "total_seq_len": 4096,
        "world_size": 1
      },
      "metrics": {
        "standard_time_ms": 248.6736816354096,
        "hilbert_time_ms": 248.7377560697496,
        "speedup": 0.9997424016548495,
        "chunk_size": 4096,
        "world_size": 1
      }
    }
  ],
  "summary": {
    "avg_speedup": 1.1645667133229691,
    "max_speedup": 2.2679246425173805,
    "min_speedup": 0.22603309579667713
  }
}