{
  "timestamp": "2025-07-04-1719-UTC",
  "world_size": 1,
  "results": [
    {
      "config": {
        "hidden_dim": 512,
        "num_heads": 8,
        "segment_lengths": [
          512
        ],
        "dilation_rates": [
          1
        ],
        "batch_size": 2,
        "total_seq_len": 2048,
        "world_size": 1
      },
      "metrics": {
        "standard_time_ms": 148.57257595285773,
        "hilbert_time_ms": 172.13214663788676,
        "speedup": 0.8631309075893235,
        "chunk_size": 2048,
        "world_size": 1
      }
    },
    {
      "config": {
        "hidden_dim": 512,
        "num_heads": 8,
        "segment_lengths": [
          512
        ],
        "dilation_rates": [
          2
        ],
        "batch_size": 2,
        "total_seq_len": 2048,
        "world_size": 1
      },
      "metrics": {
        "standard_time_ms": 236.1790020018816,
        "hilbert_time_ms": 259.8303835839033,
        "speedup": 0.9089737649008076,
        "chunk_size": 2048,
        "world_size": 1
      }
    },
    {
      "config": {
        "hidden_dim": 768,
        "num_heads": 12,
        "segment_lengths": [
          1024
        ],
        "dilation_rates": [
          2
        ],
        "batch_size": 1,
        "total_seq_len": 4096,
        "world_size": 1
      },
      "metrics": {
        "standard_time_ms": 393.3584788814187,
        "hilbert_time_ms": 368.60660882666707,
        "speedup": 1.067149827111187,
        "chunk_size": 4096,
        "world_size": 1
      }
    }
  ],
  "summary": {
    "avg_speedup": 0.9464181665337726,
    "max_speedup": 1.067149827111187,
    "min_speedup": 0.8631309075893235
  }
}