{
  "timestamp": "2025-07-04-1612-UTC",
  "world_size": 1,
  "results": [
    {
      "config": "8K, single segment",
      "seq_len": 8192,
      "segment_lengths": [
        2048
      ],
      "dilation_rates": [
        1
      ],
      "world_size": 1,
      "results": {
        "Standard (no Hilbert)": {
          "forward_ms": 11.675652116537094,
          "causal_ms": 6.529143638908863,
          "tokens_per_sec": 701631.0453783615,
          "memory_gb": 0.078125
        },
        "Hilbert + DilatedAttention": {
          "forward_ms": 10.736717283725739,
          "causal_ms": 6.595164909958839,
          "tokens_per_sec": 762989.2623155018,
          "memory_gb": 0.078155517578125
        },
        "Hilbert + DilatedAttention + MemPool": {
          "forward_ms": 17.62613784521818,
          "causal_ms": 15.710204653441906,
          "tokens_per_sec": 464764.321710012,
          "memory_gb": 0.250030517578125
        },
        "Hilbert + DilatedAttention + xFormers": {
          "forward_ms": 19.090674817562103,
          "causal_ms": 8.02896786481142,
          "tokens_per_sec": 429110.0277117457,
          "memory_gb": 0.437530517578125
        }
      }
    },
    {
      "config": "8K, multi-segment",
      "seq_len": 8192,
      "segment_lengths": [
        2048,
        4096
      ],
      "dilation_rates": [
        1,
        2
      ],
      "world_size": 1,
      "results": {
        "Standard (no Hilbert)": {
          "forward_ms": 19.725007936358452,
          "causal_ms": 11.939621344208717,
          "tokens_per_sec": 415310.3525449011,
          "memory_gb": 0.437530517578125
        },
        "Hilbert + DilatedAttention": {
          "forward_ms": 12.643913738429546,
          "causal_ms": 8.693326450884342,
          "tokens_per_sec": 647900.6555621675,
          "memory_gb": 0.43756103515625
        },
        "Hilbert + DilatedAttention + MemPool": {
          "forward_ms": 15.181349031627178,
          "causal_ms": 12.499693222343922,
          "tokens_per_sec": 539609.4894421882,
          "memory_gb": 0.64068603515625
        },
        "Hilbert + DilatedAttention + xFormers": {
          "forward_ms": 18.84250808507204,
          "causal_ms": 14.480873011052608,
          "tokens_per_sec": 434761.65503095125,
          "memory_gb": 0.84381103515625
        }
      }
    },
    {
      "config": "16K, no dilation",
      "seq_len": 16384,
      "segment_lengths": [
        4096
      ],
      "dilation_rates": [
        1
      ],
      "world_size": 1,
      "results": {
        "Standard (no Hilbert)": {
          "forward_ms": 304.99438513070345,
          "causal_ms": 25.165926292538643,
          "tokens_per_sec": 53719.02172224823,
          "memory_gb": 0.921875
        },
        "Hilbert + DilatedAttention": {
          "forward_ms": 272.57537320256233,
          "causal_ms": 52.007405646145344,
          "tokens_per_sec": 60108.144794960455,
          "memory_gb": 0.921905517578125
        },
        "Hilbert + DilatedAttention + MemPool": {
          "forward_ms": 98.04699886590242,
          "causal_ms": 264.5436132326722,
          "tokens_per_sec": 167103.53391242682,
          "memory_gb": 0.921905517578125
        },
        "Hilbert + DilatedAttention + xFormers": {
          "forward_ms": 401.66588705033064,
          "causal_ms": 62.049977853894234,
          "tokens_per_sec": 40790.12066550478,
          "memory_gb": 0.921905517578125
        }
      }
    },
    {
      "config": "16K, dilation=2",
      "seq_len": 16384,
      "segment_lengths": [
        4096
      ],
      "dilation_rates": [
        2
      ],
      "world_size": 1,
      "results": {
        "Standard (no Hilbert)": {
          "forward_ms": 91.64375867694616,
          "causal_ms": 75.39252210408449,
          "tokens_per_sec": 178779.22333756863,
          "memory_gb": 0.921905517578125
        },
        "Hilbert + DilatedAttention": {
          "forward_ms": 34.46213807910681,
          "causal_ms": 17.155108973383904,
          "tokens_per_sec": 475420.2992974788,
          "memory_gb": 0.92193603515625
        },
        "Hilbert + DilatedAttention + MemPool": {
          "forward_ms": 213.95306922495365,
          "causal_ms": 33.764491230249405,
          "tokens_per_sec": 76577.54132413778,
          "memory_gb": 0.92193603515625
        },
        "Hilbert + DilatedAttention + xFormers": {
          "forward_ms": 24.726484157145023,
          "causal_ms": 16.9626884162426,
          "tokens_per_sec": 662609.3663730855,
          "memory_gb": 0.92193603515625
        }
      }
    },
    {
      "config": "32K, no dilation",
      "seq_len": 32768,
      "segment_lengths": [
        8192
      ],
      "dilation_rates": [
        1
      ],
      "world_size": 1,
      "results": {
        "Standard (no Hilbert)": {
          "forward_ms": 1001.2493219226599,
          "causal_ms": 743.5117550194263,
          "tokens_per_sec": 32727.113299889075,
          "memory_gb": 1.078125
        },
        "Hilbert + DilatedAttention": {
          "forward_ms": 968.3549826964736,
          "causal_ms": 695.4824550077319,
          "tokens_per_sec": 33838.830372674376,
          "memory_gb": 1.078155517578125
        },
        "Hilbert + DilatedAttention + MemPool": {
          "forward_ms": 1215.3352426365018,
          "causal_ms": 825.5598368123174,
          "tokens_per_sec": 26962.10794390719,
          "memory_gb": 1.078155517578125
        },
        "Hilbert + DilatedAttention + xFormers": {
          "forward_ms": 1452.2161884233356,
          "causal_ms": 790.5867109075189,
          "tokens_per_sec": 22564.133536877915,
          "memory_gb": 1.078155517578125
        }
      }
    },
    {
      "config": "32K, multi-dilation",
      "seq_len": 32768,
      "segment_lengths": [
        4096,
        8192
      ],
      "dilation_rates": [
        2,
        4
      ],
      "world_size": 1,
      "results": {
        "Standard (no Hilbert)": {
          "forward_ms": 151.14053152501583,
          "causal_ms": 83.68032611906528,
          "tokens_per_sec": 216804.84823871648,
          "memory_gb": 1.078216552734375
        },
        "Hilbert + DilatedAttention": {
          "forward_ms": 155.8281159028411,
          "causal_ms": 111.04901283979416,
          "tokens_per_sec": 210282.9762790103,
          "memory_gb": 1.0782470703125
        },
        "Hilbert + DilatedAttention + MemPool": {
          "forward_ms": 219.6185227483511,
          "causal_ms": 83.36549084633589,
          "tokens_per_sec": 149204.17271701197,
          "memory_gb": 1.0782470703125
        },
        "Hilbert + DilatedAttention + xFormers": {
          "forward_ms": 62.817648239433765,
          "causal_ms": 279.0135584771633,
          "tokens_per_sec": 521636.8475798795,
          "memory_gb": 1.0782470703125
        }
      }
    }
  ]
}