{
  "metadata": {
    "implementation": "DilatedAttention (Original)",
    "timestamp": "2025-07-06-2253-UTC",
    "device": "cuda",
    "gpu_name": "NVIDIA GeForce GTX 1080",
    "pytorch_version": "2.7.1+cu126"
  },
  "scaling_analysis": {
    "sequence_scaling": [
      {
        "config": {
          "batch_size": 1,
          "seq_len": 512,
          "num_heads": 8,
          "head_dim": 64,
          "embed_dim": 512,
          "segment_lengths": [
            128,
            256
          ],
          "dilation_rates": [
            1,
            2
          ],
          "num_segments": 2,
          "param_count": 0
        },
        "timing": {
          "mean_ms": 1.619729958474636,
          "std_ms": 0.12420545086424153,
          "min_ms": 1.5387265011668205,
          "max_ms": 1.8664663657546043,
          "median_ms": 1.5580076724290848,
          "p95_ms": 1.8098028376698494
        },
        "memory": {
          "before_mb": 1.5,
          "after_mb": 2.0,
          "peak_mb": 4.3759765625,
          "delta_mb": 2.8759765625
        },
        "performance": {
          "sequences_per_second": 617.3868642534337,
          "tokens_per_second": 316102.07449775806,
          "tflops": 0.16572852443428057,
          "effective_bandwidth_gb_s": 1.2058337192449877,
          "ms_per_token": 0.0031635350751457736
        }
      },
      {
        "config": {
          "batch_size": 1,
          "seq_len": 1024,
          "num_heads": 8,
          "head_dim": 64,
          "embed_dim": 512,
          "segment_lengths": [
            256,
            512
          ],
          "dilation_rates": [
            1,
            2
          ],
          "num_segments": 2,
          "param_count": 0
        },
        "timing": {
          "mean_ms": 4.2900606989860535,
          "std_ms": 0.1788216606457116,
          "min_ms": 4.005140624940395,
          "max_ms": 4.4465819373726845,
          "median_ms": 4.413389600813389,
          "p95_ms": 4.443707689642906
        },
        "memory": {
          "before_mb": 3.0,
          "after_mb": 4.0,
          "peak_mb": 8.751953125,
          "delta_mb": 5.751953125
        },
        "performance": {
          "sequences_per_second": 233.09693502386756,
          "tokens_per_second": 238691.26146444038,
          "tflops": 0.2502859281813371,
          "effective_bandwidth_gb_s": 0.9105349024369828,
          "ms_per_token": 0.004189512401353568
        }
      },
      {
        "config": {
          "batch_size": 1,
          "seq_len": 2048,
          "num_heads": 8,
          "head_dim": 64,
          "embed_dim": 512,
          "segment_lengths": [
            512,
            1024
          ],
          "dilation_rates": [
            1,
            2
          ],
          "num_segments": 2,
          "param_count": 0
        },
        "timing": {
          "mean_ms": 16.278797201812267,
          "std_ms": 1.0038739347919219,
          "min_ms": 14.484003186225891,
          "max_ms": 17.28814374655485,
          "median_ms": 16.41049236059189,
          "p95_ms": 17.258205637335777
        },
        "memory": {
          "before_mb": 6.0,
          "after_mb": 8.0,
          "peak_mb": 17.50390625,
          "delta_mb": 11.50390625
        },
        "performance": {
          "sequences_per_second": 61.42959996385194,
          "tokens_per_second": 125807.82072596878,
          "tflops": 0.2638381228511069,
          "effective_bandwidth_gb_s": 0.47991874971759335,
          "ms_per_token": 0.007948631446197396
        }
      },
      {
        "config": {
          "batch_size": 1,
          "seq_len": 4096,
          "num_heads": 8,
          "head_dim": 64,
          "embed_dim": 512,
          "segment_lengths": [
            1024,
            2048
          ],
          "dilation_rates": [
            1,
            2
          ],
          "num_segments": 2,
          "param_count": 0
        },
        "timing": {
          "mean_ms": 46.236407570540905,
          "std_ms": 1.3073910925935914,
          "min_ms": 44.76030729711056,
          "max_ms": 48.39175473898649,
          "median_ms": 46.20278440415859,
          "p95_ms": 48.07004351168871
        },
        "memory": {
          "before_mb": 12.0,
          "after_mb": 16.0,
          "peak_mb": 35.0078125,
          "delta_mb": 23.0078125
        },
        "performance": {
          "sequences_per_second": 21.627977875970206,
          "tokens_per_second": 88588.19737997396,
          "tflops": 0.37156583062361426,
          "effective_bandwidth_gb_s": 0.33793715431203447,
          "ms_per_token": 0.011288185442026588
        }
      },
      {
        "config": {
          "batch_size": 1,
          "seq_len": 8192,
          "num_heads": 8,
          "head_dim": 64,
          "embed_dim": 512,
          "segment_lengths": [
            2048,
            4096
          ],
          "dilation_rates": [
            1,
            2
          ],
          "num_segments": 2,
          "param_count": 0
        },
        "timing": {
          "mean_ms": 239.67095762491226,
          "std_ms": 23.029407023467094,
          "min_ms": 209.1319626197219,
          "max_ms": 263.59270606189966,
          "median_ms": 253.35401017218828,
          "p95_ms": 262.42542918771505
        },
        "memory": {
          "before_mb": 24.0,
          "after_mb": 32.0,
          "peak_mb": 70.015625,
          "delta_mb": 46.015625
        },
        "performance": {
          "sequences_per_second": 4.172387050603817,
          "tokens_per_second": 34180.19471854647,
          "tflops": 0.28672425485755665,
          "effective_bandwidth_gb_s": 0.13038709533136927,
          "ms_per_token": 0.029256708694447298
        }
      }
    ],
    "head_scaling": [
      {
        "config": {
          "batch_size": 2,
          "seq_len": 2048,
          "num_heads": 2,
          "head_dim": 64,
          "embed_dim": 128,
          "segment_lengths": [
            512,
            1024
          ],
          "dilation_rates": [
            1,
            2
          ],
          "num_segments": 2,
          "param_count": 0
        },
        "timing": {
          "mean_ms": 8.041049353778362,
          "std_ms": 0.4805205534017299,
          "min_ms": 7.455171085894108,
          "max_ms": 8.546290919184685,
          "median_ms": 8.289285935461521,
          "p95_ms": 8.526493981480598
        },
        "memory": {
          "before_mb": 3.0,
          "after_mb": 4.0,
          "peak_mb": 8.75390625,
          "delta_mb": 5.75390625
        },
        "performance": {
          "sequences_per_second": 124.36187815836695,
          "tokens_per_second": 509386.252936671,
          "tflops": 0.26706509977966136,
          "effective_bandwidth_gb_s": 0.4857885865561209,
          "ms_per_token": 0.0019631468148872955
        }
      },
      {
        "config": {
          "batch_size": 2,
          "seq_len": 2048,
          "num_heads": 4,
          "head_dim": 64,
          "embed_dim": 256,
          "segment_lengths": [
            512,
            1024
          ],
          "dilation_rates": [
            1,
            2
          ],
          "num_segments": 2,
          "param_count": 0
        },
        "timing": {
          "mean_ms": 15.96217155456543,
          "std_ms": 0.9618243223782387,
          "min_ms": 14.170491136610508,
          "max_ms": 16.803023405373096,
          "median_ms": 16.35982096195221,
          "p95_ms": 16.779305785894394
        },
        "memory": {
          "before_mb": 6.0,
          "after_mb": 8.0,
          "peak_mb": 17.50390625,
          "delta_mb": 11.50390625
        },
        "performance": {
          "sequences_per_second": 62.64811755603419,
          "tokens_per_second": 256606.68950951603,
          "tflops": 0.26907161605913027,
          "effective_bandwidth_gb_s": 0.4894384184065171,