{
  "timestamp": "2025-07-04-1404-UTC",
  "world_size": 1,
  "implementation": "V2 Collective",
  "results": [
    {
      "config": {
        "seq_len": 8192,
        "hidden_dim": 512,
        "num_heads": 8,
        "segment_lengths": [
          2048
        ],
        "dilation_rates": [
          1
        ],
        "batch_size": 2,
        "world_size": 1
      },
      "metrics": {
        "standard_time_ms": 75.38736443966627,
        "hilbert_time_ms": 98.22285920381546,
        "speedup": 0.7675134388343875,
        "memory_gb": 0.0625,
        "reserved_gb": 0.109375
      }
    },
    {
      "config": {
        "seq_len": 8192,
        "hidden_dim": 512,
        "num_heads": 8,
        "segment_lengths": [
          2048
        ],
        "dilation_rates": [
          2
        ],
        "batch_size": 2,
        "world_size": 1
      },
      "metrics": {
        "standard_time_ms": 59.532930701971054,
        "hilbert_time_ms": 56.476569548249245,
        "speedup": 1.0541173300391535,
        "memory_gb": 0.0625,
        "reserved_gb": 0.126953125
      }
    },
    {
      "config": {
        "seq_len": 16384,
        "hidden_dim": 768,
        "num_heads": 12,
        "segment_lengths": [
          4096
        ],
        "dilation_rates": [
          1
        ],
        "batch_size": 1,
        "world_size": 1
      },
      "metrics": {
        "standard_time_ms": 115.10660573840141,
        "hilbert_time_ms": 116.36763885617256,
        "speedup": 0.9891633693854547,
        "memory_gb": 0.09375,
        "reserved_gb": 0.291015625
      }
    },
    {
      "config": {
        "seq_len": 16384,
        "hidden_dim": 768,
        "num_heads": 12,
        "segment_lengths": [
          4096
        ],
        "dilation_rates": [
          2
        ],
        "batch_size": 1,
        "world_size": 1
      },
      "metrics": {
        "standard_time_ms": 71.29274532198906,
        "hilbert_time_ms": 71.2039053440094,
        "speedup": 1.0012476840638227,
        "memory_gb": 0.09375,
        "reserved_gb": 0.291015625
      }
    }
  ],
  "summary": {
    "avg_speedup": 0.9530104555807046,
    "max_speedup": 1.0541173300391535,
    "min_speedup": 0.7675134388343875
  }
}