Implementation,Sequence Length,Time (ms),Memory (MB),World Size
V2 Simple,2048,6.307220458984375,146.125,1
V2 Collective,2048,inf,inf,1
Production,2048,inf,inf,1
V2 Simple,4096,46.071410179138184,548.125,1
V2 Collective,4096,inf,inf,1
Production,4096,inf,inf,1
V2 Simple,8192,418.7335729598999,2144.125,1
V2 Collective,8192,71.57883644104004,49.515625,1
Production,8192,inf,inf,1
V2 Simple,16384,inf,inf,1
V2 Collective,16384,187.41321563720703,91.015625,1
Production,16384,inf,inf,1
