seq_length,batch_size,is_causal,world_size,collective_time_ms,collective_memory_mb,collective_throughput,robust_time_ms,robust_memory_mb,robust_throughput,speedup,memory_ratio,error
4096,1,True,1,3.462311625480652,58.50390625,1183024.6503104344,70.52040994167328,1104.125,58082.47574550064,0.04909658960213497,18.872671429525273,
4096,1,False,1,32.33976028859615,67.50390625,126655.23688016812,43.28544670715928,1088.125,94627.64766437154,0.7471277934910917,16.1194375325502,
8192,1,True,1,,,,,,,,,OOM
8192,1,False,1,,,,,,,,,OOM
