config,attention_type,seq_len,batch_size,num_heads,segment_lengths,dilation_rates,no_cache_mean,no_cache_std,cold_cache_mean,warm_cache_mean,warm_cache_std,speedup,time_saved,pattern_gen_time,cache_size,cache_hits
Small,DilatedAttention,256,8,8,"[128, 256]","[1, 2]",1.12788874655962,0.4305038438620307,1.599198766052723,1.4896159619092941,0.5414402912327771,0.7571674682607217,-0.3617272153496742,0.14815679658204317,1,129
Small,ImprovedDilatedAttention,256,8,8,"[128, 256]","[1, 2]",12.671747170388699,15.096836375717526,2.886718977242708,2.170231333002448,0.6966141981007715,5.838892369532665,10.50151583738625,0.14815679658204317,1,258
Medium,DilatedAttention,1024,4,16,"[256, 512, 1024]","[1, 2, 4]",17.404060987755656,22.8137854839956,4.978085309267044,16.727668261155486,17.186659070781833,1.0404355655576258,0.6763927266001701,0.10199917014688253,2,516
Medium,ImprovedDilatedAttention,1024,4,16,"[256, 512, 1024]","[1, 2, 4]",17.62169144116342,25.815275074235718,5.023014172911644,20.328348092734814,28.42622520760591,0.8668530940525006,-2.706656651571393,0.10199917014688253,2,774
Large,DilatedAttention,2048,2,16,"[512, 1024, 2048]","[1, 2, 4]",24.093077955767512,34.50923490113237,12.176957074552774,21.8363715428859,25.96011579310792,1.1033462179579385,2.2567064128816128,0.09009934403002262,2,1032
Large,ImprovedDilatedAttention,2048,2,16,"[512, 1024, 2048]","[1, 2, 4]",18.33824422210455,28.565934971837937,17.459710408002138,15.902950009331107,21.76842896547753,1.1531347461536712,2.4352942127734423,0.09009934403002262,2,1290
XLarge,DilatedAttention,4096,1,32,"[1024, 2048, 4096]","[1, 2, 4]",93.78053690306842,61.646114096638314,190.7317970879376,104.9378835503012,82.59280225855969,0.8936766564204187,-11.157346647232771,0.09547573048621416,2,1548
XLarge,ImprovedDilatedAttention,4096,1,32,"[1024, 2048, 4096]","[1, 2, 4]",24.919869396835566,34.47355491619963,10.352682787925005,29.655766002833843,26.183065825175323,0.8403043574883304,-4.735896605998278,0.09547573048621416,2,1806
