Implementation,Sequence Length,Time (ms),Memory (MB),World Size
V2 Collective,2048,inf,inf,1
Production,2048,3.908896446228027,72.140625,1
V2 Collective,4096,29.090023040771484,29.2578125,1
Production,4096,138.08164596557617,246.671875,1
V2 Collective,8192,80.88655471801758,49.5078125,1
Production,8192,193.0873155593872,462.046875,1
V2 Collective,16384,233.93988609313965,90.1328125,1
Production,16384,400.2814054489136,893.171875,1
